source_name,organization,category,keywords,reference_urls,source_type,access,priority,notes
Ad Context Protocol (AdCP),AdCP,Agentic advertising / protocol,ad context protocol (adcp); adcp; agentic advertising / protocol; agentic advertising; agentic media buying and selling; media products; audiences; campaigns; auctions; protocol concepts; ai agents; agent workflows; agent tools; ad context protocol; agentic advertising protocol,https://docs.adcontextprotocol.org/; https://docs.adcontextprotocol.org/llms.txt,llms.txt; MCP; Markdown,Public,P0,"Primary source for agentic advertising / AdCP. llms.txt is a multi-version HUB (verified 3 Sep 2026): its flat entries are the ARCHIVED 2.5 release; current docs sit behind per-version sub-indexes (/_llms/3-1.md, nesting /_llms/3-1/protocol.md; 3.2-beta and 3.0 alongside). Resolve the current version from a stable path redirect (docs.adcontextprotocol.org/docs/media-buy -> /dist/docs/<build>/...), ground only in that version's sub-index, and state the AdCP version + build in the answer. Never cite archived or beta pages unless asked. See resource-map.md, hub indexes."
OpenRTB 2.x,IAB Tech Lab,Standards / programmatic,openrtb 2.x; iab tech lab; standards / programmatic; programmatic standards; bid requests/responses; auctions; impressions; device/user/site/app objects; extensions; iab; openrtb; adtech standards; rtb; bid request; bid response,https://github.com/InteractiveAdvertisingBureau/openrtb2.x,GitHub; Markdown,Public,P0,Canonical machine-readable foundation for OpenRTB 2.x.
OpenRTB 3.x,IAB Tech Lab,Standards / programmatic,openrtb 3.x; iab tech lab; standards / programmatic; programmatic standards; openrtb 3; adcom-based transactions; supply chain; protocol evolution; iab; openrtb; adtech standards; rtb; bid request; bid response; supply path; spo; ads.txt; sellers.json; schain,https://github.com/InteractiveAdvertisingBureau/openrtb,GitHub; Markdown,Public,P0,Use alongside AdCOM; active standards work.
AdCOM,IAB Tech Lab,Standards / programmatic,adcom; iab tech lab; standards / programmatic; programmatic standards; advertising common object model; media objects; creative/media definitions; iab; openrtb; adtech standards,https://github.com/InteractiveAdvertisingBureau/AdCOM,GitHub; Markdown,Public,P0,Core companion to OpenRTB 3.
SupplyChain Object,IAB Tech Lab,Standards / supply transparency,supplychain object; iab tech lab; standards / supply transparency; programmatic standards; schain; intermediaries; supply path transparency; iab; openrtb; adtech standards; supply path; supply chain; spo; ads.txt; sellers.json,https://github.com/InteractiveAdvertisingBureau/openrtb/blob/main/supplychainobject.md; https://github.com/InteractiveAdvertisingBureau/openrtb,GitHub; Markdown,Public,P0,High-value for SPO and supply-path reasoning.
Supply-Chain Validation,IAB Tech Lab,Standards / supply transparency,supply-chain validation; iab tech lab; standards / supply transparency; programmatic standards; ads.txt; app-ads.txt; sellers.json; iab; openrtb; adtech standards; supply path; supply chain; spo; schain,https://github.com/InteractiveAdvertisingBureau/Supply-Chain-Validation,GitHub; Markdown,Public,P0,Useful for ads.txt/sellers.json validation agents.
Global Privacy Platform (GPP),IAB Tech Lab,Privacy / consent standard,global privacy platform (gpp); iab tech lab; privacy / consent standard; privacy / consent; gpp string; consent sections; cmp interfaces; privacy signals; iab; openrtb; programmatic standards; adtech standards; privacy; consent; cmp; tcf; gpp,https://github.com/InteractiveAdvertisingBureau/Global-Privacy-Platform,GitHub; API; Markdown,Public,P0,Authoritative source for GPP semantics and APIs.
Transparency & Consent Framework (TCF),IAB Tech Lab,Privacy / consent standard,transparency & consent framework (tcf); iab tech lab; privacy / consent standard; privacy / consent; tcf v2.x; consent strings; purposes; vendors; cmp api; iab; openrtb; programmatic standards; adtech standards; privacy; consent; cmp; tcf; gpp,https://github.com/InteractiveAdvertisingBureau/GDPR-Transparency-and-Consent-Framework,GitHub; API; Markdown,Public,P0,Authoritative technical TCF reference.
VAST,IAB Tech Lab,Video advertising standard,vast; iab tech lab; video advertising standard; video / ctv; video ad serving; vast xml; tracking; macros; mezzanine/interactive video; iab; openrtb; programmatic standards; adtech standards; ctv; connected tv; streaming; video advertising,https://github.com/InteractiveAdvertisingBureau/vast,GitHub; Markdown,Public,P0,Primary video-ad serving standard source.
Open Measurement SDK / JS Clients,IAB Tech Lab,Measurement standard,open measurement sdk / js clients; iab tech lab; measurement standard; measurement / attribution; om sdk; viewability; verification scripts; measurement interfaces; iab; openrtb; programmatic standards; adtech standards; measurement; attribution; media quality,https://github.com/InteractiveAdvertisingBureau/Open-Measurement-JSClients,GitHub; API; Markdown,Public,P0,Useful for viewability and verification implementation knowledge.
SIMID,IAB Tech Lab,Interactive video standard,simid; iab tech lab; interactive video standard; video / ctv; secure interactive media interface definition; interactive video creatives; iab; openrtb; programmatic standards; adtech standards; ctv; connected tv; streaming; video advertising,https://github.com/InteractiveAdvertisingBureau/SIMID,GitHub; Markdown,Public,P1,Specialist but authoritative.
Data Subject Rights (DSR),IAB Tech Lab,Privacy / rights standard,data subject rights (dsr); iab tech lab; privacy / rights standard; privacy / consent; data subject rights signaling; privacy requests; interoperability; iab; openrtb; programmatic standards; adtech standards; privacy; consent; cmp; tcf; gpp,https://github.com/InteractiveAdvertisingBureau/Data-Subject-Rights,GitHub; Markdown,Public,P1,Useful privacy-interoperability reference.
Prebid Documentation,Prebid.org,Header bidding / publisher,prebid documentation; prebid.org; header bidding / publisher; header bidding; prebid.js; prebid server; bidder adapters; modules; gam integration; troubleshooting; prebid; pbs; auction; gam,https://docs.prebid.org/; https://github.com/prebid/prebid.github.io,GitHub; Markdown,Public,P0,One of the best practical open-web programmatic corpora.
Prebid.js,Prebid.org,Header bidding / client-side,prebid.js; prebid.org; header bidding / client-side; header bidding; auction lifecycle; adapters; modules; user ids; floors; paapi; analytics; prebid; prebid server; pbs; auction,https://github.com/prebid/Prebid.js,GitHub; Markdown,Public,P0,Excellent implementation-level grounding source.
Prebid Server (Go),Prebid.org,Header bidding / server-side,prebid server (go); prebid.org; header bidding / server-side; header bidding; server-side auctions; openrtb; adapters; stored requests; privacy; modules; prebid; prebid.js; prebid server; pbs; rtb; bid request; bid response; auction; consent; cmp; tcf; gpp,https://github.com/prebid/prebid-server,GitHub; Markdown,Public,P0,Strong source for server-side auction semantics.
Prebid Server (Java),Prebid.org,Header bidding / server-side,prebid server (java); prebid.org; header bidding / server-side; header bidding; java prebid server implementation; openrtb; adapters; modules; prebid; prebid.js; prebid server; pbs; rtb; bid request; bid response; auction,https://github.com/prebid/prebid-server-java,GitHub; Markdown,Public,P1,Useful implementation cross-check against Go PBS.
Unified ID 2.0 (UID2),IAB Tech Lab / UID2,Identity / addressability,unified id 2.0 (uid2); iab tech lab / uid2; identity / addressability; uid2 workflows; tokens; operators; publishers; dsps; identity; addressability; user id; eids; uid2,https://unifiedid.com/docs/,API; Markdown,Public,P0,Important open identity reference even without a confirmed llms.txt.
Yahoo DSP Developer / Help,Yahoo,DSP / programmatic,yahoo dsp developer / help; yahoo; dsp / programmatic; buy side / dsp; campaigns; lines; creatives; deals; audiences; spo; ads.txt; datax; connectid; dsp,https://help.yahooinc.com/; https://help.yahooinc.com/llms.txt,llms.txt; API; Markdown,Public,P0,Outstanding general-purpose DSP corpus.
Google Ad Manager REST API,Google,Ad server / publisher,google ad manager rest api; google; ad server / publisher; sell side / publisher; gam network resources; inventory; orders/line items; reporting; api workflows; gam; google ad manager; dv360; display & video 360; authorized buyers; google open bidding,https://developers.google.com/ad-manager/api/beta,API; Markdown,Public docs; API auth,P0,Prefer REST for new integrations while retaining SOAP knowledge.
Google Ad Manager SOAP API,Google,Ad server / publisher,google ad manager soap api; google; ad server / publisher; sell side / publisher; inventory; orders; line items; creatives; reporting; legacy/established gam automation; gam; google ad manager; dv360; display & video 360; authorized buyers; google open bidding,https://developers.google.com/ad-manager/api,Markdown,Public docs; API auth,P1,Still valuable for existing GAM integrations.
Display & Video 360 API v4,Google,DSP / programmatic,display & video 360 api v4; google; dsp / programmatic; buy side / dsp; advertisers; campaigns; insertion orders; line items; targeting; creatives; reporting; gam; google ad manager; dv360; display & video 360; authorized buyers; google open bidding; dsp,https://developers.google.com/display-video/api,API; Markdown,Public docs; API auth,P0,Discovery document makes this very agent/RAG friendly.
Amazon Ads API,Amazon Ads,Ad platform / retail media,amazon ads api; amazon ads; ad platform / retail media; retail / commerce media; sponsored ads; amazon dsp; amc; marketing stream; campaign/reporting apis; amazon marketing cloud; retail media; commerce media; sponsored products; retail; commerce; dsp,https://advertising.amazon.com/API/docs,OpenAPI; Markdown,Public docs; API approval/auth,P1,Strong retail-media/API source; access to APIs is gated.
Criteo Developer Portal,Criteo,Commerce / retail media / DSP,criteo developer portal; criteo; commerce / retail media / dsp; retail / commerce media; retail media api; marketing solutions; campaigns; creatives; analytics; audiences; retail media; commerce media; sponsored products; commerce; retail; dsp,https://developers.criteo.com/; https://developers.criteo.com/llms.txt,llms.txt; OpenAPI; Markdown,Public docs; API auth,P0,High-value commerce-media and campaign API corpus.
Kevel Developer Docs,Kevel,Ad server / retail media,kevel developer docs; kevel; ad server / retail media; retail / commerce media; ad serving apis; campaigns; targeting; decisioning; reporting; custom ad platforms; retail media; commerce media; sponsored products; retail; commerce,https://dev.kevel.com/; https://dev.kevel.com/llms.txt,llms.txt; OpenAPI; Markdown,Public docs; API auth,P0,Excellent ad-server-as-a-platform implementation source.
Koddi Developer Docs,Koddi,Retail media / sponsored listings,koddi developer docs; koddi; retail media / sponsored listings; retail / commerce media; auctions; campaigns; targeting; retail media apis; reporting; sponsored placements; retail media; commerce media; sponsored products; retail; commerce,https://developers.koddi.com/; https://developers.koddi.com/llms.txt,llms.txt; OpenAPI; Markdown,Public docs; API auth,P0,Strong commerce/retail media auction knowledge.
Topsort Developer Docs,Topsort,Retail media / ad server,topsort developer docs; topsort; retail media / ad server; retail / commerce media; marketplace ads; auctions; campaigns; sponsored listings; reporting; toppie; retail media; commerce media; sponsored products; retail; commerce,https://docs.topsort.com/; https://docs.topsort.com/llms.txt,llms.txt; MCP; API; Markdown,Public docs; API auth,P0,One of the more agent-native retail-media documentation stacks.
Epsilon Retail Media / CitrusAd,Epsilon,Retail media,epsilon retail media / citrusad; epsilon; retail media; retail / commerce media; sponsored product/display; retailers; campaigns; reporting; integration apis; commerce media; sponsored products; retail; commerce,https://developers.citrusad.com/integration/; https://developers.citrusad.com/integration/llms.txt,llms.txt; OpenAPI; Markdown,Public docs; API auth,P0,Useful retailer-side commerce-media API source.
Moloco Ads Developer Docs,Moloco,Performance ads / DSP,moloco ads developer docs; moloco; performance ads / dsp; buy side / dsp; campaigns; creatives; targeting; reporting; ad platform apis; dsp,https://developer.moloco.cloud/; https://developer.moloco.cloud/llms.txt,llms.txt; OpenAPI; Markdown,Public docs; API auth,P0,Good structured performance-ad API corpus.
Moloco Commerce Media,Moloco,Retail media / commerce,moloco commerce media; moloco; retail media / commerce; retail / commerce media; commerce media platform apis; campaigns; products; retail media; commerce media; sponsored products; commerce; retail,https://mcm-docs.moloco.com/v1.0/; https://mcm-docs.moloco.com/v1.0/llms.txt,llms.txt; OpenAPI; Markdown,Public docs; API auth,P0,Separate commerce-media corpus from Moloco Ads.
Verve Developer Docs,Verve,SSP / mobile monetisation,verve developer docs; verve; ssp / mobile monetisation; header bidding; hybid; mobile monetisation; prebid; openrtb; app-ads.txt; gam integration; rtb; bid request; bid response; auction; ssp; gam,https://developers.verve.com/; https://developers.verve.com/llms.txt,llms.txt; OpenAPI; Markdown,Public,P0,Strong mobile/SSP implementation corpus.
Quantcast Help / Platform Docs,Quantcast,DSP / audience,quantcast help / platform docs; quantcast; dsp / audience; buy side / dsp; campaigns; targeting; deals; measurement; audiences; tagging; attribution; media quality; dsp; audience,https://help.quantcast.com/; https://help.quantcast.com/llms.txt,llms.txt; API; Markdown,Public,P1,Broad DSP/audience operating knowledge.
Triton Digital Help,Triton Digital,Programmatic audio,triton digital help; triton digital; programmatic audio; audio; audio monetisation; ad operations; ads.txt; sellers.json,https://help.tritondigital.com/; https://help.tritondigital.com/llms.txt,llms.txt; API; Markdown,Public,P1,Specialist audio advertising source.
Content Ignite Docs,Content Ignite,Publisher monetisation / Prebid,content ignite docs; content ignite; publisher monetisation / prebid; header bidding; prebid; ssp integrations; publisher monetisation; ads.txt; cmp; ad stack configuration; auction; ssp,https://docs.contentignite.com/; https://docs.contentignite.com/llms.txt,llms.txt; Markdown,Public,P1,Practical publisher-side operations content.
GrowthCode Docs,GrowthCode,Publisher addressability / enrichment,growthcode docs; growthcode; publisher addressability / enrichment; header bidding; universal ids; prebid identity; bid enrichment; gam setup; first-party data; uplift measurement; prebid; auction; identity; addressability; user id; eids; measurement; attribution; media quality; gam,https://docs.growthcode.io/; https://docs.growthcode.io/llms.txt,llms.txt; Markdown,Public,P1,Useful niche corpus for publisher identity enrichment. Verification: Official docs explicitly expose llms.txt + Markdown
LiveRamp Activation API,LiveRamp,Audience activation,liveramp activation api; liveramp; audience activation; audience / data activation; segment distribution; destinations; delivery workflows; rampid; ats; authenticated traffic solution; identity envelope; data marketplace; audience,https://developers.liveramp.com/activation-api/; https://developers.liveramp.com/activation-api/llms.txt,llms.txt; OpenAPI; Markdown,Public docs; API auth,P0,High-value audience activation/data distribution source.
LiveRamp Authenticated Traffic Solution (ATS),LiveRamp,Identity / publisher addressability,liveramp authenticated traffic solution (ats); liveramp; identity / publisher addressability; header bidding; ats; rampid; identity envelopes; publisher integrations; prebid; authenticated traffic solution; identity envelope; audience activation; data marketplace; auction; identity; addressability; user id; eids,https://developers.liveramp.com/authenticatedtraffic-api/; https://developers.liveramp.com/authenticatedtraffic-api/llms.txt,llms.txt; API; Markdown,Public docs; API auth,P0,Strong publisher-side identity knowledge.
LiveRamp RampID API,LiveRamp,Identity / resolution,liveramp rampid api; liveramp; identity / resolution; identity / addressability; rampid; identity resolution; api workflows; pseudonymous identifiers; ats; authenticated traffic solution; identity envelope; audience activation; data marketplace; identity; addressability; user id; eids,https://developers.liveramp.com/rampid-api/; https://developers.liveramp.com/rampid-api/llms.txt,llms.txt; OpenAPI; Markdown,Public docs; API auth,P0,Identity-resolution reference.
LiveRamp Data Marketplace Buyer API,LiveRamp,Audience data marketplace,liveramp data marketplace buyer api; liveramp; audience data marketplace; audience / data activation; third-party data buying; audience segments; marketplace workflows; rampid; ats; authenticated traffic solution; identity envelope; audience activation; data marketplace; audience,https://developers.liveramp.com/datamarketplace-buyer-api/; https://developers.liveramp.com/datamarketplace-buyer-api/llms.txt,llms.txt; OpenAPI; Markdown,Public docs; API auth,P1,Useful for commercial audience-data workflows.
LiveRamp Data Seller API,LiveRamp,Audience data marketplace,liveramp data seller api; liveramp; audience data marketplace; audience / data activation; data seller workflows; segment publishing; marketplace distribution; rampid; ats; authenticated traffic solution; identity envelope; audience activation; data marketplace; audience,https://developers.liveramp.com/data-seller-api/; https://developers.liveramp.com/data-seller-api/llms.txt,llms.txt; OpenAPI; Markdown,Public docs; API auth,P1,Complements buyer-side Data Marketplace docs.
Permutive Docs,Permutive,Publisher first-party data / curation,permutive docs; permutive; publisher first-party data / curation; header bidding; first-party signals; cohorts; curation; prebid; gam; activation; identity; publisher data; first-party data; auction; addressability; user id; eids,https://docs.permutive.com/; https://docs.permutive.com/llms.txt,llms.txt; MCP; API; Markdown,Public docs; product access,P0,Excellent publisher-data and curation corpus.
Hightouch Docs,Hightouch,CDP / audience activation,hightouch docs; hightouch; cdp / audience activation; audience / data activation; reverse etl; audience building; identity resolution; ad destinations; campaign optimisation; identity; addressability; user id; eids; audience,https://hightouch.com/docs; https://hightouch.com/docs/llms.txt,llms.txt; MCP; API; Markdown,Public docs; product auth,P0,Highly useful bridge between warehouse data and ad-platform activation.
Tealium Docs,Tealium,CDP / tag management,tealium docs; tealium; cdp / tag management; audience / data activation; audiencestream; eventstream; connectors; tag integrations; ad-platform activation; audience,https://docs.tealium.com/; https://docs.tealium.com/llms.txt,llms.txt; API; Markdown,Public docs; product auth,P1,Broad event/audience activation knowledge.
Twilio Segment Docs,Twilio Segment,CDP / event ingestion,twilio segment docs; twilio segment; cdp / event ingestion; audience / data activation; tracking plans; event ingestion; destinations; identity; audiences; reverse etl; addressability; user id; eids; audience,https://www.twilio.com/docs/segment; https://www.twilio.com/docs/llms.txt,llms.txt; API; Markdown,Public docs; API auth,P1,Broader Twilio index; filter aggressively to Segment.
MetaRouter Docs,MetaRouter,First-mile data routing,metarouter docs; metarouter; first-mile data routing; server-side event routing; advertising destinations; offline conversions; privacy controls; privacy; consent; cmp; tcf; gpp,https://docs.metarouter.io/; https://docs.metarouter.io/llms.txt,llms.txt; OpenAPI; Markdown,Public docs; product auth,P1,Useful for data collection/routing into ad platforms.
Narrative I/O Docs,Narrative,Data collaboration / audience activation,narrative i/o docs; narrative; data collaboration / audience activation; audience / data activation; data collaboration; audience/data ingestion; connectors; dsp/ssp activation; marketplace; audience; dsp; ssp,https://docs.narrative.io/; https://docs.narrative.io/llms.txt,llms.txt; MCP; API; Markdown,Public docs; product auth,P0,Very agent-friendly data collaboration documentation.
Narrative Agent Discovery,Narrative,Agent discovery / data collaboration,narrative agent discovery; narrative; agent discovery / data collaboration; agent discovery; documentation routing; public mcp servers; narrative platform; mcp; model context protocol; agent tool server,https://app.narrative.io/llms.txt,llms.txt; MCP; Markdown,Public discovery; platform auth may apply,P1,Useful example of an app exposing itself directly to agents.
OneTrust Developer Docs,OneTrust,Consent / privacy,onetrust developer docs; onetrust; consent / privacy; header bidding; cmp; tcf; consent; privacy sdks; mobile/ctv; prebid integrations; gpp; privacy; prebid; auction; ctv; connected tv; streaming; video advertising,https://developer.onetrust.com/onetrust/; https://developer.onetrust.com/onetrust/llms.txt,llms.txt; MCP; OpenAPI; Markdown,Public docs; APIs may require auth,P0,One of the strongest machine-friendly CMP/privacy sources.
Sourcepoint Public API,Sourcepoint,Consent / privacy,sourcepoint public api; sourcepoint; consent / privacy; privacy / consent; cmp apis; consent management; privacy operations; configuration; cmp; consent; privacy; tcf; gpp,https://sourcepoint-public-api.readme.io/; https://sourcepoint-public-api.readme.io/llms.txt,llms.txt; OpenAPI; Markdown,Public docs; API auth,P0,Strong CMP API corpus.
Didomi Developer Docs,Didomi,Consent / privacy,didomi developer docs; didomi; consent / privacy; privacy / consent; cmp; consent strings; tcf; sdks; consent apis; user privacy data; consent; privacy; gpp,https://developers.didomi.io/; https://developers.didomi.io/llms.txt,llms.txt; API; Markdown,Public docs; API auth,P0,Excellent consent/CMP implementation source. Verification: Official docs explicitly point to root llms.txt and Markdown
HUMAN Security Docs,HUMAN Security,Ad quality / fraud / security,human security docs; human security; ad quality / fraud / security; ad fraud; mediaguard; malvertising; bot/fraud protection; integrations; human; ivt; invalid traffic; verification,https://docs.humansecurity.com/; https://docs.humansecurity.com/llms.txt,llms.txt; API; Markdown,Public docs; product auth,P0,Important ad-quality and invalid-traffic knowledge source.
Transcend Docs,Transcend,Privacy infrastructure,transcend docs; transcend; privacy infrastructure; privacy / consent; consent; data rights; governance; privacy; cmp; tcf; gpp,https://docs.transcend.io/; https://docs.transcend.io/llms.txt,llms.txt; MCP; API; Markdown,Public docs; product auth,P1,Useful privacy-engineering complement to CMP-specific sources. Verification: Endpoint reported in current documentation ecosystem; recheck before automated crawl
Scope3 Methodology,Scope3,Supply chain / sustainability,scope3 methodology; scope3; supply chain / sustainability; ad-tech infrastructure; publishers; supply chain; emissions methodology; property metrics; supply path; sustainability; emissions; green media; spo; ads.txt; sellers.json; schain,https://methodology.scope3.com/; https://methodology.scope3.com/llms.txt,llms.txt; OpenAPI; Markdown,Public,P0,Unusually structured model of programmatic supply-chain entities.
Scope3 Interchange Docs,Scope3 / Interchange,Agentic / conversion / identity,scope3 interchange docs; scope3 / interchange; agentic / conversion / identity; agentic advertising; agentic advertising infrastructure; conversion; identity; integrations; ai agents; agent workflows; agent tools; addressability; user id; eids,https://docs.interchange.io/; https://docs.interchange.io/llms.txt,llms.txt; MCP; API; Markdown,Public docs,P1,Worth tracking as Scope3's agentic stack evolves.
Branch Developer / Help Docs,Branch,Mobile attribution / measurement,branch developer / help docs; branch; mobile attribution / measurement; measurement / attribution; attribution; deep links; mobile ads; events; skan; measurement integrations; measurement; media quality,https://help.branch.io/; https://help.branch.io/llms.txt,llms.txt; API; Markdown,Public docs; product auth,P1,Good mobile attribution corpus.
Lytics Docs,Lytics,CDP / audience,lytics docs; lytics; cdp / audience; audience / data activation; cdp; audiences; identity; activation; addressability; user id; eids; audience,https://docs.lytics.com/; https://docs.lytics.com/llms.txt,llms.txt; OpenAPI; Markdown,Public docs; API auth,P1,Good additional audience/CDP corpus.
Anteriad Developer Docs,Anteriad,B2B audience / activation,anteriad developer docs; anteriad; b2b audience / activation; audience / data activation; b2b audiences; intent; programmatic destinations; marketing cloud apis; integrations; audience,https://docs.anteriad.com/; https://docs.anteriad.com/llms.txt,llms.txt; OpenAPI; Markdown,Public docs; API/product auth,P1,Useful for B2B audience activation/programmatic destinations. Verification: Official docs explicitly expose llms.txt + OpenAPI
Amplitude Docs,Amplitude,Analytics / activation,amplitude docs; amplitude; analytics / activation; audience / data activation; events; cohorts; identity; analytics; activation; experimentation; addressability; user id; eids; audience,https://amplitude.com/docs; https://amplitude.com/docs/llms.txt,llms.txt; MCP; API; Markdown,Public docs; product auth,P2,"Not core AdTech, but valuable for cohort/event plumbing. Verification: Official docs explicitly advertise /docs/llms.txt + Markdown"
Mixpanel Docs,Mixpanel,Analytics / audiences,mixpanel docs; mixpanel; analytics / audiences; audience / data activation; events; identities; cohorts; analytics; warehouse integrations; audience,https://docs.mixpanel.com/; https://docs.mixpanel.com/llms.txt,llms.txt; API; Markdown,Public docs; product auth,P2,Useful supporting corpus for event/audience pipelines. Verification: Official docs explicitly advertise /llms.txt
Bloomreach Engagement Docs,Bloomreach,CDP / marketing activation,bloomreach engagement docs; bloomreach; cdp / marketing activation; audience / data activation; customer data; audiences; campaign activation; dv360/adform integrations; audience; dv360,https://documentation.bloomreach.com/engagement/; https://documentation.bloomreach.com/engagement/llms.txt,llms.txt; OpenAPI; Markdown,Public docs; product auth,P2,Supporting source for activation and ad-platform connectors. Verification: Official docs explicitly expose llms.txt + OpenAPI
Supermetrics Docs,Supermetrics,Marketing data connectors,supermetrics docs; supermetrics; marketing data connectors; advertising data connectors; reporting schemas; metrics/dimensions; data extraction,https://docs.supermetrics.com/; https://docs.supermetrics.com/llms.txt,llms.txt; MCP; API; Markdown,Public docs; product auth,P2,Very useful for normalized marketing/ad reporting semantics.
Supermetrics MCP,Supermetrics,Marketing data / agent tooling,supermetrics mcp; supermetrics; marketing data / agent tooling; agent access to marketing data; ad connectors; reporting; mcp; model context protocol; agent tool server,https://mcp.supermetrics.com/; https://mcp.supermetrics.com/llms.txt,llms.txt; MCP; Markdown,Public docs; data access auth,P2,Agent-oriented complement to static docs.
Optimizely Web Experimentation Docs,Optimizely,Experimentation / activation,optimizely web experimentation docs; optimizely; experimentation / activation; audience / data activation; web experimentation; audience targeting; implementation; audience,https://docs.developers.optimizely.com/web-experimentation/; https://docs.developers.optimizely.com/web-experimentation/llms.txt,llms.txt; API; Markdown,Public docs; product auth,P2,Supporting source where experimentation intersects ad/marketing activation.
Snowflake Data Clean Rooms,Snowflake,Data clean room,snowflake data clean rooms; snowflake; data clean room; data clean rooms; data collaboration; privacy-safe joins; clean-room apis; audience collaboration; collaboration; clean room; agentic advertising; ai agents; agent workflows; agent tools; privacy; consent; cmp; tcf; gpp; privacy-safe analytics; audience,https://docs.snowflake.com/en/user-guide/cleanrooms/developer-guide,MCP; API; Markdown,Public docs; Snowflake account for execution,P1,Current Collaboration API is a strong machine-readable clean-room source.
AWS Clean Rooms API,AWS,Data clean room,aws clean rooms api; aws; data clean room; data clean rooms; collaborations; configured tables; analysis rules; privacy-safe queries; clean rooms; amazon web services; clean rooms ml; privacy; consent; cmp; tcf; gpp; data collaboration; privacy-safe analytics,https://docs.aws.amazon.com/clean-rooms/latest/apireference/Welcome.html,API,Public docs; AWS auth for execution,P1,Excellent structured clean-room API corpus.
AWS Clean Rooms ML API,AWS,Data clean room / ML audiences,aws clean rooms ml api; aws; data clean room / ml audiences; data clean rooms; privacy-enhancing lookalikes; audience models; seed data; collaborative ml; amazon web services; clean rooms; clean rooms ml; privacy; consent; cmp; tcf; gpp; data clean room; data collaboration; privacy-safe analytics; audience,https://docs.aws.amazon.com/cleanrooms-ml/latest/APIReference/Welcome.html,API,Public docs; AWS auth for execution,P1,Particularly relevant to privacy-safe audience modelling.
AAMP (Agentic Advertising Management Protocols) Framework,IAB Tech Lab,Agentic advertising / standards,aamp (agentic advertising management protocols) framework; iab tech lab; agentic advertising / standards; agentic advertising; agentic media discovery; planning; negotiation; deal creation; campaign automation; trust and transparency; iab; openrtb; programmatic standards; adtech standards; ai agents; agent workflows; agent tools; mcp; model context protocol; agent tool server; adcp; ad context protocol; agentic advertising protocol; aamp; agentic primitives; shared contracts; wire protocol; state machines; conformance vectors; interop harness,https://iabtechlab.com/standards/aamp-agentic-advertising-management-protocols/; https://github.com/IABTechLab/iab-agentic-primitives,MCP; GitHub; API; Markdown,Public,P0,Treat as umbrella: shared contracts (primitives; wire protocol; state machines; conformance vectors) live in iab-agentic-primitives; retrieve child specs/SDKs separately; do not collapse all AAMP versions into one corpus.
Agentic Real-Time Framework (ARTF),IAB Tech Lab,Agentic advertising / real-time execution,agentic real-time framework (artf); iab tech lab; agentic advertising / real-time execution; agentic advertising; containerized real-time agent services; protected bidstream enrichment/mutation; low-latency execution; iab; openrtb; programmatic standards; adtech standards; ai agents; agent workflows; agent tools; adcp; ad context protocol; agentic advertising protocol; artf,https://github.com/IABTechLab/agentic-rtb-framework,MCP; GitHub; API; Markdown,Public,P0,Latency and mutability controls matter; do not treat agent execution as equivalent to offline planning APIs.
Agentic Direct,IAB Tech Lab,Agentic advertising / direct buying,agentic direct; iab tech lab; agentic advertising / direct buying; agentic advertising; inventory discovery; negotiation; guaranteed/direct booking; asynchronous buyer-seller agent workflows; iab; openrtb; programmatic standards; adtech standards; ai agents; agent workflows; agent tools; mcp; model context protocol; agent tool server; opendirect,https://github.com/IABTechLab/agentic-direct,MCP; GitHub; Markdown,Public,P0,Separate proposed agentic extensions from normative OpenDirect semantics.
Buyer Agent SDK,IAB Tech Lab,Agentic advertising / buyer agent,buyer agent sdk; iab tech lab; agentic advertising / buyer agent; agentic advertising; media brief ingestion; seller discovery; negotiation; media planning; deals; campaign automation; iab; openrtb; programmatic standards; adtech standards; ai agents; agent workflows; agent tools; mcp; model context protocol; agent tool server; adcp; ad context protocol; agentic advertising protocol,https://github.com/IABTechLab/buyer-agent,MCP; GitHub; API; Markdown,Public,P0,"Reference implementation is a starting point, not a production policy model; preserve human-in-the-loop and budget guardrails."
Seller Agent SDK,IAB Tech Lab,Agentic advertising / seller agent,seller agent sdk; iab tech lab; agentic advertising / seller agent; agentic advertising; inventory/product discovery; buyer interaction; negotiation; direct and deal workflows; iab; openrtb; programmatic standards; adtech standards; ai agents; agent workflows; agent tools; mcp; model context protocol; agent tool server; adcp; ad context protocol; agentic advertising protocol,https://github.com/IABTechLab/seller-agent,MCP; GitHub; API; Markdown,Public,P0,Do not infer commercial inventory or pricing policies from the reference agent.
Agentic Audiences,IAB Tech Lab,Agentic advertising / audiences,agentic audiences; iab tech lab; agentic advertising / audiences; identity / addressability; identity; contextual and reinforcement signals; real-time intent; interoperable audience embeddings; iab; openrtb; programmatic standards; adtech standards; agentic advertising; ai agents; agent workflows; agent tools; rtb; bid request; bid response; prebid; header bidding; auction; addressability; user id; eids; audience,https://iabtechlab.com/standards/agentic-audiences/; https://github.com/IABTechLab/agentic-audiences,MCP; GitHub; Markdown,Public,P0,Treat identity/privacy semantics conservatively; do not infer consent from presence of an identifier.
Agentic Mobile,IAB Tech Lab,Agentic advertising / mobile,agentic mobile; iab tech lab; agentic advertising / mobile; agentic advertising; mobile/in-app agent workflows; monetization; mcp/a2a interoperability; iab; openrtb; programmatic standards; adtech standards; ai agents; agent workflows; agent tools; mcp; model context protocol; agent tool server,https://github.com/IABTechLab/agentic-mobile,MCP; GitHub; Markdown,Public,P0,Mobile privacy/platform constraints evolve quickly; preserve dated platform assumptions.
IAB Tech Lab Agent Registry,IAB Tech Lab,Agentic advertising / discovery,iab tech lab agent registry; iab tech lab; agentic advertising / discovery; agent discovery / trust; agent discovery; organization identity; capabilities; trust/transparency; iab; openrtb; programmatic standards; adtech standards; agentic advertising; ai agents; agent workflows; agent tools; mcp; model context protocol; agent tool server; adcp; ad context protocol; agentic advertising protocol; identity; addressability; user id; eids,https://registry.iabtechlab.com/,MCP; API,Free registration; anonymous fetch may be restricted,P0,"Registry presence is a discovery/trust signal, not proof of commercial authorization or operational reliability."
Deals API v1,IAB Tech Lab,Programmatic deals / standard,deals api v1; iab tech lab; programmatic deals / standard; programmatic standards; ssp-to-dsp deal synchronization; deal terms; curation transparency; status; iab; openrtb; adtech standards; agentic advertising; ai agents; agent workflows; agent tools; mcp; model context protocol; agent tool server,https://iabtechlab.com/standards/dealsapi/; https://github.com/IABTechLab/deal-api,MCP; GitHub; API; Markdown,Public,P0,"Deals API is separate from the OpenRTB bid request/response and v1 is primarily synchronization, not negotiation."
OpenDirect 2.1,IAB Tech Lab,Automated guaranteed / direct standard,opendirect 2.1; iab tech lab; automated guaranteed / direct standard; programmatic standards; product discovery; price/availability; orders; lines; creatives; guaranteed booking; programmatic guaranteed; iab; openrtb; adtech standards; agentic advertising; ai agents; agent workflows; agent tools; adcp; ad context protocol; agentic advertising protocol; opendirect,https://iabtechlab.com/standards/opendirect/,MCP; API; Markdown,Public,P0,Direct/guaranteed semantics differ from RTB; Agentic Direct adds discovery/MCP rather than replacing OpenDirect.
IAB Tech Lab Taxonomies,IAB Tech Lab,Taxonomies / controlled vocabularies,iab tech lab taxonomies; iab tech lab; taxonomies / controlled vocabularies; programmatic standards; content taxonomy; audience taxonomy; ad product taxonomy and versioned controlled vocabularies; iab; openrtb; adtech standards; audience,https://github.com/InteractiveAdvertisingBureau/Taxonomies,GitHub; Markdown,Public,P0,Do not synonym-expand taxonomy IDs without preserving canonical code/version.
ads.txt / app-ads.txt specification,IAB Tech Lab,Supply-chain transparency,ads.txt / app-ads.txt specification; iab tech lab; supply-chain transparency; programmatic standards; authorized digital sellers; app-ads.txt; counterfeit inventory prevention; publisher seller authorization; iab; openrtb; adtech standards; supply path; supply chain; spo; ads.txt; sellers.json; schain,https://github.com/InteractiveAdvertisingBureau/Supply-Chain-Validation/blob/main/ads.txt%20v1.1.md; https://github.com/InteractiveAdvertisingBureau/Supply-Chain-Validation,GitHub; Markdown,Public,P0,ads.txt authorization does not prove traffic quality; validate sellers.json/schain and IVT independently.
sellers.json specification,IAB Tech Lab,Supply-chain transparency,sellers.json specification; iab tech lab; supply-chain transparency; programmatic standards; seller identity; intermediary/direct status; seller account transparency; supply-chain validation; iab; openrtb; adtech standards; identity; addressability; user id; eids; supply path; supply chain; spo; ads.txt; sellers.json; schain,https://github.com/InteractiveAdvertisingBureau/Supply-Chain-Validation/blob/main/sellers-json.md; https://github.com/InteractiveAdvertisingBureau/Supply-Chain-Validation,GitHub; Markdown,Public,P0,Confidential sellers and inconsistent account naming can limit graph resolution; never equate seller_id with domain identity without checks.
OpenRTB Native Ads Specification 1.2,IAB Tech Lab,Native advertising standard,openrtb native ads specification 1.2; iab tech lab; native advertising standard; programmatic standards; native bid request/response assets; event trackers; native formats; iab; openrtb; adtech standards; rtb; bid request; bid response,https://github.com/InteractiveAdvertisingBureau/Native-Ads/blob/main/OpenRTB-Native-Ads-Specification-Final-1.2.md; https://github.com/InteractiveAdvertisingBureau/Native-Ads,GitHub; Markdown,Public,P1,Some exchanges use direct JSON objects while older OpenRTB conventions encode native payloads as strings; follow partner implementation docs.
PubMatic MCP Server,PubMatic,SSP / agentic programmatic,pubmatic mcp server; pubmatic; ssp / agentic programmatic; agentic advertising; programmatic deal management; inventory discovery; ssp agent workflows; ssp; openwrap; pubmatic mcp; deal management; ai agents; agent workflows; agent tools; mcp; model context protocol; agent tool server,https://github.com/PubMatic/pubmatic-mcp-server; https://mcp.pubmatic.com/v1,MCP; GitHub; Markdown,Public docs; operational auth/entitlements apply,P0,Keep MCP action permissions separate from RAG read permissions; deal writes should be budget/account scoped.
PubMatic OpenWrap,PubMatic,Header bidding / SSP,pubmatic openwrap; pubmatic; header bidding / ssp; header bidding; header bidding wrapper; prebid ecosystem integration; publisher monetization; ssp; openwrap; pubmatic mcp; deal management; prebid; auction,https://github.com/PubMatic/OpenWrap,GitHub; Markdown,Public source; managed platform features gated,P1,Do not assume OpenWrap configuration mirrors vanilla Prebid; note platform-specific defaults and server-side services.
FreeWheel MCP / AI Agent Infrastructure,FreeWheel,CTV / agentic advertising,freewheel mcp / ai agent infrastructure; freewheel; ctv / agentic advertising; video / ctv; ctv negotiation; optimization; execution; premium video buyer/seller automation; freewheel mcp; streaming hub; premium video; ctv; video ad server; ssai; buyer cloud; agentic advertising; ai agents; agent workflows; agent tools; mcp; model context protocol; agent tool server; connected tv; streaming; video advertising,https://www.freewheel.com/news/freewheel-launches-ai-agent-infrastructure-to-transform-how-premium-video-advertising-is-bought-and-sold-pilots-with-pmg,MCP; API,Partner/beta; no public anonymous MCP endpoint confirmed,P0,Treat claims of MCP availability separately from endpoint availability; request partner docs/tool schemas directly.
FreeWheel Partner Portal / Streaming Hub APIs,FreeWheel,CTV / ad serving / APIs,freewheel partner portal / streaming hub apis; freewheel; ctv / ad serving / apis; video / ctv; streaming hub integrations; campaign operations; yield optimization; data/identity; publisher connections; freewheel mcp; streaming hub; premium video; ctv; video ad server; ssai; buyer cloud; agentic advertising; ai agents; agent workflows; agent tools; identity; addressability; user id; eids; connected tv; streaming; video advertising,https://partners.freewheel.com/partner-portal/,MCP; API,Approved partner login,P0,API availability varies by partner/customer permissions; never assume a documented FreeWheel capability is enabled on an account.
Publica by IAS CTV Monetization,Publica / Integral Ad Science,CTV / SSAI / publisher monetization,publica by ias ctv monetization; publica / integral ad science; ctv / ssai / publisher monetization; video / ctv; ctv ad server; ssai; ad pod automation; unified auctions; header bidding; audience management; log-level reporting; publica; publica by ias; ias; ad pod; unified auction; connected tv; mcp; model context protocol; agent tool server; ctv; streaming; video advertising; audience,https://www.getpublica.com/,MCP; API,Public product knowledge; deeper technical docs appear partner/customer oriented,P1,Do not infer IAS platform APIs are automatically Publica APIs; acquisition does not imply a unified public developer surface.
ID5 Knowledge Base,ID5,Identity / addressability,id5 knowledge base; id5; identity / addressability; id5 id; eids; openrtb 2.5/2.6; ssp/dsp/publisher integrations; ctv; mobile; bid enrichment; privacy; universal id; user id; identity; openrtb eids; prebid userid; agentic advertising; ai agents; agent workflows; agent tools; mcp; model context protocol; agent tool server; openrtb; rtb; bid request; bid response; consent; cmp; tcf; gpp; addressability,https://wiki.id5.io/,MCP; API; Markdown,Mostly public; some decryption/commercial material gated,P0,OpenRTB EID location differs between 2.5 and 2.6; respect consent and ID provenance fields.
ID5 JavaScript API,ID5,Identity / client library,id5 javascript api; id5; identity / client library; identity / addressability; publisher-side id retrieval; eid generation; consent-aware identity; integration with prebid/ad partners; id5 id; universal id; user id; identity; openrtb eids; eids; prebid userid; prebid; header bidding; auction; addressability,https://github.com/id5io/id5-api.js,GitHub; API; Markdown,Public source; terms/commercial licensing constraints apply,P0,Commercial/platform use may require separate agreement; do not conflate free publisher distribution with unrestricted commercial use.
Acxiom Data Services API,Acxiom,Identity / data services,acxiom data services api; acxiom; identity / data services; identity / addressability; entity resolution; person/place/household/entity match; lookup; abilitec links; hashed entity representations; third-party data retrieval; abilitec; identity resolution; data services api; audience data; third-party data; mcp; model context protocol; agent tool server; identity; addressability; user id; eids; audience,https://developer.myacxiom.com/dsapi; https://api.acxiom.com/,MCP; API,Public docs; OAuth/contractual data entitlements required,P1,Data access is license/role scoped; avoid assuming all documented bundles/attributes are available to a given tenant.
Adelaide AU / Programmatic Activation,Adelaide,Attention measurement / activation,adelaide au / programmatic activation; adelaide; attention measurement / activation; measurement / attribution; au attention metric; pre-bid activation; pmps; custom bidding; dsp/ssp integrations; media quality optimization; au; attention unit; attention metric; attention measurement; prebid attention; media quality; mcp; model context protocol; agent tool server; measurement; attribution; dsp; ssp,https://www.adelaidemetrics.com/attention-resources/attention-metrics-made-easy-programmatic-activation,MCP; API,Public first-party methodology/integration content,P1,AU is a proprietary predictive metric; separate vendor methodology claims from independent validation and platform-specific activation mechanics.
InfoSum Developer API v2,InfoSum,Data clean room / collaboration,infosum developer api v2; infosum; data clean room / collaboration; data clean rooms; data collaboration; clean-room workflows; audience activation; privacy-safe analytics; mcp; model context protocol; agent tool server; privacy; consent; cmp; tcf; gpp; data clean room; audience,https://infosum.github.io/infosum-docs/api/v2/,MCP; OpenAPI; Markdown,Public API docs; execution authenticated,P1,Clean-room authorization and dataset permissions are contextual; docs cannot substitute for workspace governance.
Google Authorized Buyers RTB / OpenRTB Guide,Google,Exchange / RTB implementation,google authorized buyers rtb / openrtb guide; google; exchange / rtb implementation; programmatic standards; google authorized buyers bid requests/responses; openrtb support; extensions; rtb integration; gam; google ad manager; dv360; display & video 360; authorized buyers; google open bidding; openrtb; rtb; bid request; bid response,https://developers.google.com/authorized-buyers/rtb/openrtb-guide,Markdown,Public docs; buyer participation/account access gated,P0,Always distinguish IAB normative fields from Google-specific support and extensions.
The Trade Desk Platform API / OpenTTD,The Trade Desk,DSP / API,the trade desk platform api / openttd; the trade desk; dsp / api; buy side / dsp; campaigns; advertisers; targeting; reporting; custom algorithms/workflows; programmatic buying; ttd; open ttd; openttd; dsp; kokai; mcp; model context protocol; agent tool server,https://partner.thetradedesk.com/v3/portal/api/overview,MCP; API,Partner/developer portal; authenticated account access,P0,Do not assume every API capability is enabled for every advertiser/seat; custom bidding and data use carry separate policies.
Microsoft Xandr Digital Platform API,Microsoft Advertising / Xandr,DSP/SSP/ad platform API,microsoft xandr digital platform api; microsoft advertising / xandr; dsp/ssp/ad platform api; programmatic platform; buying; selling; bidder; ad serving; deals; inventory; targeting; reporting; xandr; appnexus; microsoft advertising; digital platform api; mcp; model context protocol; agent tool server; dsp; ssp,https://learn.microsoft.com/en-us/xandr/digital-platform-api/,MCP; API,Public docs; execution requires platform credentials,P0,Watch for legacy AppNexus/Xandr terminology and deprecated services; keep aliases in entity metadata.
Magnite Developer Documentation,Magnite,SSP / streaming / ad platform,magnite developer documentation; magnite; ssp / streaming / ad platform; sell side / publisher; magnite streaming; springserve; dv+; deals; openrtb; publisher monetization; reporting; rubicon; ssp; ctv; mcp; model context protocol; agent tool server; rtb; bid request; bid response,https://help.magnite.com/help/developer-documentation-all-platforms,MCP; API,Majority login required,P1,"Do not merge SpringServe, Streaming and DV+ semantics without platform tags."
OpenXBuild APIs,OpenX,SSP / exchange / agentic infrastructure,openxbuild apis; openx; ssp / exchange / agentic infrastructure; sell side / publisher; bidstream enrichment; identity resolution; auction insights; secure containers close to exchange auction path; openxbuild; ssp; exchange; bidstream api; agentic advertising; ai agents; agent workflows; agent tools; mcp; model context protocol; agent tool server; identity; addressability; user id; eids,https://www.openx.com/openxbuild/,MCP; API,Public overview; product/API access commercial,P1,Container execution near supply is powerful but is not necessarily an MCP/agent protocol; model it as an execution substrate.
Equativ Monetization APIs,Equativ,SSP / ad server / APIs,equativ monetization apis; equativ; ssp / ad server / apis; sell side / publisher; inventory; reporting; ad requests; openrtb integration; deals; campaign activation; ssai; smart adserver; ssp; ad server; openrtb; mcp; model context protocol; agent tool server; rtb; bid request; bid response,https://help.equativ.com/automate-monetization/get-started-with-equativ-apis,MCP; API,Public docs; OAuth/client credentials required for execution,P1,"Do not mix Monetization, Maestro, Serverside.ai and legacy Manage API contracts."
Index Exchange Knowledge Base / OpenRTB APIs,Index Exchange,Exchange / OpenRTB / publisher,index exchange knowledge base / openrtb apis; index exchange; exchange / openrtb / publisher; sell side / publisher; openrtb 2.6 implementation; publisher s2s; dsp integrations; deals; reporting; omid; index cloud; ix; openrtb; ssp; mcp; model context protocol; agent tool server; rtb; bid request; bid response; dsp,https://kb.indexexchange.com/,MCP; API,Public technical knowledge base; account auth for execution,P1,Index's OpenRTB implementation profile differs from the base IAB spec; retrieve both for comparison.
IAS Agent / Media Quality Knowledge,Integral Ad Science,Measurement / verification / agentic AI,ias agent / media quality knowledge; integral ad science; measurement / verification / agentic ai; measurement / attribution; media quality; ivt; viewability; brand safety; contextual targeting; optimization; ai recommendations; ias; verification; contextual; agentic advertising; ai agents; agent workflows; agent tools; mcp; model context protocol; agent tool server; measurement; attribution,https://integralads.com/uk/insider/introducing-ias-agent-your-ai-powered-assistant-uncovering-deeper-insights-and-driving-performance/,MCP; API,Public product knowledge; platform/help/API details may require customer access,P1,"Treat vendor media-quality methodology as authoritative for IAS implementation, not as an industry-neutral definition."
DoubleVerify Developer Documentation Portal,DoubleVerify,Measurement / verification,doubleverify developer documentation portal; doubleverify; measurement / verification; measurement / attribution; ad verification; fraud; brand safety/suitability; measurement integrations; dv; verification; brand safety; ivt; viewability; attention; mcp; model context protocol; agent tool server; measurement; attribution; media quality; ad fraud; invalid traffic,https://developer-stg.doubleverify.com/,MCP; API,Login/request access,P1,Do not scrape or reconstruct gated endpoint semantics from search snippets; obtain authorized access.
Lotame Technical Documentation / Services API,Lotame,Audience data / identity / activation,lotame technical documentation / services api; lotame; audience data / identity / activation; audience / data activation; first-party data; audience segments; activation; panorama id; data transfer; tagging; analytics; mcp; model context protocol; agent tool server; identity; addressability; user id; eids; audience,https://my.lotame.com/category/technical-documentation; https://api.lotame.com/docs/,MCP; API,Public knowledge base; API auth required,P1,The API explorer may act on production data; never let an autonomous agent use write/delete calls without explicit guardrails.
LiveRamp Clean Room API,LiveRamp,Data clean room / API,liveramp clean room api; liveramp; data clean room / api; data clean rooms; create/manage clean rooms; data connections; partners/users; questions; flows; segmentation; destinations; exports; rampid; ats; authenticated traffic solution; identity envelope; audience activation; data marketplace; mcp; model context protocol; agent tool server; privacy; consent; cmp; tcf; gpp; data clean room; data collaboration; privacy-safe analytics,https://developers.liveramp.com/clean-room-api/; https://developers.liveramp.com/clean-room-api/llms.txt,llms.txt; MCP; OpenAPI; Markdown,Public docs; service account/OAuth and contract required,P1,Respect token/rate limits and clean-room permissions; do not equate API capability with permission to export user-level data.
